0,  9.04, training
0,  7.69, validation
1, 16.15, training
1,  7.69, validation
2, 17.12, training
2, 17.65, validation
3, 22.12, training
3, 27.15, validation
4, 25.38, training
4, 23.53, validation
5, 22.69, training
5, 24.89, validation
6, 27.69, training
6, 19.91, validation
7, 27.12, training
7, 31.22, validation
8, 30.19, training
8, 26.24, validation
9, 27.88, training
9, 29.41, validation
10, 28.65, training
10, 33.48, validation
11, 27.12, training
11, 30.77, validation
12, 29.23, training
12, 32.13, validation
13, 30.00, training
13, 31.67, validation
14, 31.73, training
14, 28.51, validation
15, 31.15, training
15, 36.20, validation
16, 32.31, training
16, 27.15, validation
17, 32.69, training
17, 28.96, validation
18, 31.73, training
18, 32.58, validation
19, 36.54, training
19, 39.37, validation
20, 35.38, training
20, 38.46, validation
21, 32.31, training
21, 29.86, validation
22, 31.54, training
22, 31.67, validation
23, 37.12, training
23, 31.22, validation
24, 34.04, training
24, 32.13, validation
25, 34.23, training
25, 40.27, validation
26, 36.15, training
26, 41.63, validation
27, 34.81, training
27, 28.96, validation
28, 38.65, training
28, 43.44, validation
29, 35.58, training
29, 31.67, validation
30, 35.58, training
30, 27.60, validation
31, 34.62, training
31, 31.67, validation
32, 35.96, training
32, 34.84, validation
33, 38.46, training
33, 43.44, validation
34, 36.54, training
34, 44.34, validation
35, 36.15, training
35, 39.37, validation
36, 38.46, training
36, 38.46, validation
37, 37.31, training
37, 36.20, validation
38, 40.00, training
38, 37.10, validation
39, 40.58, training
39, 45.25, validation
40, 38.65, training
40, 46.61, validation
41, 37.69, training
41, 36.65, validation
42, 42.50, training
42, 46.61, validation
43, 39.23, training
43, 30.77, validation
44, 40.58, training
44, 40.72, validation
45, 41.15, training
45, 41.18, validation
46, 38.65, training
46, 37.56, validation
47, 40.77, training
47, 42.99, validation
48, 36.92, training
48, 43.44, validation
49, 37.31, training
49, 30.32, validation
50, 40.96, training
50, 43.44, validation
51, 41.92, training
51, 35.29, validation
52, 39.62, training
52, 41.63, validation
53, 40.96, training
53, 42.99, validation
54, 38.85, training
54, 47.06, validation
55, 40.38, training
55, 42.53, validation
56, 42.31, training
56, 41.18, validation
57, 43.08, training
57, 42.99, validation
58, 38.65, training
58, 47.06, validation
59, 43.08, training
59, 42.53, validation
60, 41.15, training
60, 14.48, validation
61, 40.96, training
61, 41.63, validation
62, 40.77, training
62, 40.27, validation
63, 42.88, training
63, 44.34, validation
64, 42.69, training
64, 42.99, validation
65, 40.38, training
65, 49.77, validation
66, 41.54, training
66, 35.29, validation
67, 43.46, training
67, 42.08, validation
68, 43.27, training
68, 42.99, validation
69, 43.85, training
69, 38.91, validation
70, 40.38, training
70, 43.89, validation
71, 44.04, training
71, 50.23, validation
72, 44.23, training
72, 44.34, validation
73, 42.31, training
73, 43.44, validation
74, 44.23, training
74, 35.29, validation
75, 40.19, training
75, 43.89, validation
76, 41.54, training
76, 45.25, validation
77, 43.08, training
77, 45.25, validation
78, 43.85, training
78, 46.61, validation
79, 45.38, training
79, 42.08, validation
80, 45.38, training
80, 39.82, validation
81, 41.35, training
81, 47.96, validation
82, 44.81, training
82, 34.39, validation
83, 44.42, training
83, 38.01, validation
84, 43.65, training
84, 39.82, validation
85, 41.73, training
85, 45.25, validation
86, 44.42, training
86, 46.15, validation
87, 45.00, training
87, 45.25, validation
88, 48.08, training
88, 37.56, validation
89, 45.19, training
89, 43.89, validation
90, 44.04, training
90, 43.89, validation
91, 45.00, training
91, 41.18, validation
92, 42.31, training
92, 50.23, validation
93, 46.15, training
93, 44.34, validation
94, 44.81, training
94, 49.32, validation
95, 43.27, training
95, 38.46, validation
96, 44.62, training
96, 40.72, validation
97, 44.62, training
97, 50.68, validation
98, 46.92, training
98, 42.53, validation
99, 44.04, training
99, 46.15, validation
100, 44.23, training
100, 47.51, validation
101, 46.54, training
101, 42.08, validation
102, 45.58, training
102, 43.44, validation
103, 45.38, training
103, 47.51, validation
104, 44.81, training
104, 48.87, validation
105, 45.96, training
105, 44.34, validation
106, 46.35, training
106, 44.34, validation
107, 47.88, training
107, 44.34, validation
108, 45.38, training
108, 45.70, validation
109, 46.73, training
109, 38.46, validation
110, 45.77, training
110, 37.56, validation
111, 48.08, training
111, 46.61, validation
112, 44.23, training
112, 45.25, validation
113, 48.85, training
113, 41.18, validation
114, 43.27, training
114, 44.80, validation
115, 46.54, training
115, 44.80, validation
116, 47.12, training
116, 48.42, validation
117, 44.81, training
117, 43.89, validation
118, 47.50, training
118, 44.34, validation
119, 44.81, training
119, 44.80, validation
120, 45.96, training
120, 45.70, validation
121, 48.27, training
121, 37.10, validation
122, 46.15, training
122, 33.48, validation
123, 47.50, training
123, 55.20, validation
124, 47.50, training
124, 45.25, validation
125, 45.00, training
125, 51.13, validation
126, 46.35, training
126, 48.42, validation
127, 48.27, training
127, 50.23, validation
128, 49.23, training
128, 49.32, validation
129, 48.85, training
129, 42.99, validation
130, 48.65, training
130, 43.89, validation
131, 46.73, training
131, 49.77, validation
132, 47.88, training
132, 45.25, validation
133, 47.50, training
133, 48.42, validation
134, 49.42, training
134, 48.87, validation
135, 46.73, training
135, 47.06, validation
136, 48.08, training
136, 49.77, validation
137, 48.27, training
137, 47.51, validation
138, 48.85, training
138, 48.87, validation
139, 48.65, training
139, 41.18, validation
140, 45.58, training
140, 53.39, validation
141, 48.46, training
141, 46.15, validation
142, 50.19, training
142, 45.25, validation
143, 47.50, training
143, 47.96, validation
144, 48.27, training
144, 35.29, validation
145, 48.46, training
145, 51.58, validation
146, 50.58, training
146, 48.42, validation
147, 45.96, training
147, 44.80, validation
148, 47.50, training
148, 45.70, validation
149, 47.88, training
149, 43.44, validation
150, 49.81, training
150, 43.89, validation
151, 47.69, training
151, 48.42, validation
152, 48.85, training
152, 40.72, validation
153, 48.65, training
153, 47.51, validation
154, 46.15, training
154, 44.80, validation
155, 51.15, training
155, 45.25, validation
156, 48.08, training
156, 45.70, validation
157, 49.62, training
157, 47.51, validation
158, 49.62, training
158, 46.15, validation
159, 50.77, training
159, 45.25, validation
160, 49.62, training
160, 44.34, validation
161, 51.35, training
161, 46.61, validation
162, 49.23, training
162, 47.06, validation
163, 48.46, training
163, 45.70, validation
164, 49.81, training
164, 47.51, validation
165, 50.38, training
165, 45.25, validation
166, 50.58, training
166, 46.15, validation
167, 48.08, training
167, 52.49, validation
168, 48.27, training
168, 49.32, validation
169, 51.15, training
169, 48.42, validation
170, 49.81, training
170, 47.51, validation
171, 48.27, training
171, 42.99, validation
172, 50.38, training
172, 47.96, validation
173, 48.27, training
173, 49.32, validation
174, 51.73, training
174, 47.06, validation
175, 50.00, training
175, 43.44, validation
176, 49.81, training
176, 47.51, validation
177, 50.00, training
177, 41.63, validation
178, 48.46, training
178, 46.15, validation
179, 50.00, training
179, 48.87, validation
180, 51.54, training
180, 50.23, validation
181, 51.92, training
181, 52.49, validation
182, 50.77, training
182, 48.87, validation
183, 51.35, training
183, 47.96, validation
184, 51.15, training
184, 46.15, validation
185, 51.73, training
185, 51.13, validation
186, 48.08, training
186, 51.58, validation
187, 50.58, training
187, 47.51, validation
188, 51.15, training
188, 46.61, validation
189, 48.85, training
189, 44.34, validation
190, 51.73, training
190, 42.53, validation
191, 49.23, training
191, 47.06, validation
192, 52.69, training
192, 43.89, validation
193, 52.69, training
193, 47.06, validation
194, 53.85, training
194, 52.04, validation
195, 51.35, training
195, 47.51, validation
196, 50.96, training
196, 46.15, validation
197, 52.12, training
197, 46.15, validation
198, 51.92, training
198, 49.77, validation
199, 52.50, training
199, 44.34, validation
200, 50.96, training
200, 50.68, validation
201, 52.12, training
201, 44.34, validation
202, 51.54, training
202, 40.27, validation
203, 51.73, training
203, 48.42, validation
204, 51.92, training
204, 51.58, validation
205, 52.31, training
205, 42.99, validation
206, 48.85, training
206, 50.23, validation
207, 52.50, training
207, 50.68, validation
208, 50.58, training
208, 47.06, validation
209, 48.46, training
209, 49.32, validation
210, 52.50, training
210, 44.80, validation
211, 54.23, training
211, 47.06, validation
212, 51.15, training
212, 41.18, validation
213, 50.19, training
213, 48.42, validation
214, 51.92, training
214, 47.51, validation
215, 52.69, training
215, 50.68, validation
216, 51.92, training
216, 52.04, validation
217, 51.15, training
217, 47.51, validation
218, 53.27, training
218, 54.30, validation
219, 51.54, training
219, 47.06, validation
220, 53.85, training
220, 47.96, validation
221, 50.96, training
221, 49.77, validation
222, 52.12, training
222, 52.49, validation
223, 52.88, training
223, 50.68, validation
224, 56.15, training
224, 47.51, validation
225, 52.12, training
225, 49.77, validation
226, 52.31, training
226, 51.58, validation
227, 51.54, training
227, 45.70, validation
228, 51.15, training
228, 52.94, validation
229, 52.50, training
229, 51.13, validation
230, 55.77, training
230, 44.80, validation
231, 54.42, training
231, 47.06, validation
232, 53.85, training
232, 47.06, validation
233, 53.08, training
233, 48.42, validation
234, 53.46, training
234, 49.77, validation
235, 51.54, training
235, 48.87, validation
236, 57.69, training
236, 48.87, validation
237, 53.46, training
237, 48.87, validation
238, 52.69, training
238, 44.34, validation
239, 53.46, training
239, 48.42, validation
240, 52.12, training
240, 48.42, validation
241, 55.19, training
241, 51.13, validation
242, 52.88, training
242, 54.75, validation
243, 55.77, training
243, 48.87, validation
244, 51.35, training
244, 50.23, validation
245, 53.27, training
245, 48.42, validation
246, 53.65, training
246, 52.04, validation
247, 54.81, training
247, 49.32, validation
248, 54.04, training
248, 48.42, validation
249, 54.81, training
249, 53.85, validation
250, 54.81, training
250, 48.42, validation
251, 54.62, training
251, 47.96, validation
252, 56.54, training
252, 47.51, validation
253, 54.42, training
253, 49.32, validation
254, 55.19, training
254, 51.58, validation
255, 55.58, training
255, 47.51, validation
256, 53.46, training
256, 53.85, validation
257, 54.81, training
257, 53.39, validation
258, 54.42, training
258, 53.85, validation
259, 54.62, training
259, 54.75, validation
260, 54.04, training
260, 54.75, validation
261, 55.38, training
261, 48.87, validation
262, 56.15, training
262, 48.42, validation
263, 53.85, training
263, 51.13, validation
264, 55.00, training
264, 47.06, validation
265, 54.23, training
265, 49.32, validation
266, 55.00, training
266, 47.06, validation
267, 56.15, training
267, 47.51, validation
268, 57.50, training
268, 49.77, validation
269, 56.73, training
269, 46.15, validation
270, 56.35, training
270, 52.04, validation
271, 52.69, training
271, 52.49, validation
272, 55.19, training
272, 52.49, validation
273, 56.92, training
273, 49.77, validation
274, 52.69, training
274, 55.20, validation
275, 55.00, training
275, 51.13, validation
276, 56.15, training
276, 49.77, validation
277, 56.73, training
277, 49.77, validation
278, 57.12, training
278, 49.77, validation
279, 55.77, training
279, 53.85, validation
280, 57.12, training
280, 52.04, validation
281, 56.35, training
281, 54.30, validation
282, 55.96, training
282, 51.13, validation
283, 54.62, training
283, 53.39, validation
284, 56.35, training
284, 50.68, validation
285, 56.15, training
285, 48.87, validation
286, 54.62, training
286, 54.75, validation
287, 55.19, training
287, 48.42, validation
288, 55.00, training
288, 52.49, validation
289, 55.58, training
289, 53.85, validation
290, 56.54, training
290, 49.32, validation
291, 57.50, training
291, 48.87, validation
292, 55.58, training
292, 50.23, validation
293, 54.81, training
293, 49.32, validation
294, 57.88, training
294, 55.66, validation
295, 58.08, training
295, 50.23, validation
296, 56.35, training
296, 51.13, validation
297, 54.42, training
297, 54.75, validation
298, 56.92, training
298, 56.56, validation
299, 56.92, training
299, 50.68, validation
300, 57.31, training
300, 50.23, validation
301, 54.04, training
301, 51.13, validation
302, 56.15, training
302, 49.32, validation
303, 57.31, training
303, 46.15, validation
304, 55.00, training
304, 52.04, validation
305, 54.42, training
305, 43.89, validation
306, 58.65, training
306, 47.51, validation
307, 55.38, training
307, 52.04, validation
308, 55.58, training
308, 52.49, validation
309, 56.73, training
309, 56.11, validation
310, 56.15, training
310, 46.61, validation
311, 58.85, training
311, 54.30, validation
312, 55.77, training
312, 50.68, validation
313, 56.54, training
313, 47.96, validation
314, 58.46, training
314, 51.58, validation
315, 58.08, training
315, 52.94, validation
316, 54.42, training
316, 53.85, validation
317, 57.69, training
317, 44.34, validation
318, 58.85, training
318, 49.77, validation
319, 58.08, training
319, 52.04, validation
320, 58.46, training
320, 52.94, validation
321, 57.50, training
321, 57.47, validation
322, 57.69, training
322, 49.32, validation
323, 59.81, training
323, 54.75, validation
324, 58.27, training
324, 49.32, validation
325, 58.65, training
325, 51.58, validation
326, 57.69, training
326, 50.68, validation
327, 57.12, training
327, 45.25, validation
328, 57.88, training
328, 52.94, validation
329, 60.19, training
329, 48.42, validation
330, 60.19, training
330, 50.68, validation
331, 59.23, training
331, 53.85, validation
332, 57.88, training
332, 55.66, validation
333, 56.92, training
333, 53.39, validation
334, 56.92, training
334, 53.39, validation
335, 58.08, training
335, 52.49, validation
336, 59.04, training
336, 57.92, validation
337, 59.62, training
337, 51.13, validation
338, 57.69, training
338, 55.20, validation
339, 57.31, training
339, 55.20, validation
340, 60.00, training
340, 47.96, validation
341, 58.46, training
341, 50.68, validation
342, 59.62, training
342, 46.15, validation
343, 58.65, training
343, 54.30, validation
344, 59.23, training
344, 53.85, validation
345, 57.69, training
345, 47.06, validation
346, 59.62, training
346, 55.20, validation
347, 59.62, training
347, 55.20, validation
348, 57.50, training
348, 56.56, validation
349, 58.46, training
349, 50.68, validation
350, 58.85, training
350, 55.66, validation
351, 59.04, training
351, 54.75, validation
352, 58.85, training
352, 52.04, validation
353, 60.77, training
353, 54.30, validation
354, 59.62, training
354, 55.20, validation
355, 57.31, training
355, 54.30, validation
356, 57.50, training
356, 48.87, validation
357, 57.31, training
357, 55.66, validation
358, 60.58, training
358, 53.39, validation
359, 58.27, training
359, 57.01, validation
360, 61.15, training
360, 49.32, validation
361, 59.62, training
361, 52.94, validation
362, 58.08, training
362, 46.61, validation
363, 60.19, training
363, 56.11, validation
364, 57.69, training
364, 52.94, validation
365, 60.00, training
365, 54.75, validation
366, 58.46, training
366, 57.01, validation
367, 58.85, training
367, 53.39, validation
368, 60.00, training
368, 52.94, validation
369, 60.38, training
369, 55.66, validation
370, 62.12, training
370, 52.04, validation
371, 59.81, training
371, 52.04, validation
372, 62.88, training
372, 54.75, validation
373, 58.65, training
373, 52.49, validation
374, 59.81, training
374, 59.73, validation
375, 60.19, training
375, 54.75, validation
376, 60.00, training
376, 52.49, validation
377, 58.27, training
377, 56.11, validation
378, 60.77, training
378, 56.11, validation
379, 60.19, training
379, 50.23, validation
380, 60.38, training
380, 56.56, validation
381, 63.46, training
381, 53.39, validation
382, 58.85, training
382, 52.94, validation
383, 59.42, training
383, 56.56, validation
384, 60.00, training
384, 52.49, validation
385, 58.27, training
385, 51.58, validation
386, 60.38, training
386, 48.42, validation
387, 60.00, training
387, 48.42, validation
388, 60.38, training
388, 48.87, validation
389, 60.77, training
389, 52.49, validation
390, 60.00, training
390, 51.58, validation
391, 58.65, training
391, 54.30, validation
392, 63.65, training
392, 52.94, validation
393, 60.96, training
393, 53.39, validation
394, 60.00, training
394, 54.75, validation
395, 60.00, training
395, 52.04, validation
396, 59.42, training
396, 56.56, validation
397, 61.54, training
397, 56.11, validation
398, 62.31, training
398, 54.75, validation
399, 62.50, training
399, 52.49, validation
400, 61.73, training
400, 54.75, validation
401, 60.77, training
401, 52.94, validation
402, 61.15, training
402, 55.20, validation
403, 61.73, training
403, 57.01, validation
404, 61.15, training
404, 53.85, validation
405, 62.50, training
405, 55.66, validation
406, 61.15, training
406, 47.96, validation
407, 63.08, training
407, 56.11, validation
408, 59.81, training
408, 52.94, validation
409, 63.08, training
409, 57.92, validation
410, 63.46, training
410, 52.04, validation
411, 61.15, training
411, 55.66, validation
412, 61.15, training
412, 54.75, validation
413, 61.15, training
413, 49.77, validation
414, 64.42, training
414, 58.37, validation
415, 61.15, training
415, 57.47, validation
416, 61.35, training
416, 52.04, validation
417, 62.50, training
417, 52.49, validation
418, 64.62, training
418, 57.01, validation
419, 61.73, training
419, 52.04, validation
420, 61.73, training
420, 57.47, validation
421, 60.96, training
421, 51.13, validation
422, 61.54, training
422, 58.37, validation
423, 62.31, training
423, 56.11, validation
424, 65.19, training
424, 56.11, validation
425, 61.15, training
425, 56.56, validation
426, 62.69, training
426, 51.13, validation
427, 61.35, training
427, 54.75, validation
428, 61.15, training
428, 51.13, validation
429, 64.04, training
429, 57.01, validation
430, 62.31, training
430, 56.56, validation
431, 64.04, training
431, 56.56, validation
432, 62.69, training
432, 53.39, validation
433, 61.73, training
433, 56.11, validation
434, 64.04, training
434, 55.20, validation
435, 63.08, training
435, 58.82, validation
436, 61.92, training
436, 55.20, validation
437, 63.08, training
437, 57.47, validation
438, 64.42, training
438, 57.47, validation
439, 63.27, training
439, 57.01, validation
440, 63.65, training
440, 57.47, validation
441, 61.92, training
441, 60.63, validation
442, 63.65, training
442, 58.82, validation
443, 64.42, training
443, 54.75, validation
444, 62.31, training
444, 60.63, validation
445, 63.46, training
445, 59.28, validation
446, 62.88, training
446, 52.49, validation
447, 62.50, training
447, 59.28, validation
448, 64.62, training
448, 55.20, validation
449, 62.50, training
449, 56.56, validation
450, 66.35, training
450, 61.99, validation
451, 64.62, training
451, 61.09, validation
452, 64.04, training
452, 55.66, validation
453, 61.15, training
453, 58.37, validation
454, 63.46, training
454, 57.47, validation
455, 65.38, training
455, 58.37, validation
456, 65.58, training
456, 58.82, validation
457, 64.23, training
457, 56.56, validation
458, 64.42, training
458, 58.37, validation
459, 63.46, training
459, 55.20, validation
460, 62.88, training
460, 56.11, validation
461, 64.23, training
461, 57.47, validation
462, 65.96, training
462, 61.54, validation
463, 62.12, training
463, 63.35, validation
464, 63.85, training
464, 56.11, validation
465, 63.65, training
465, 56.11, validation
466, 65.00, training
466, 57.92, validation
467, 66.92, training
467, 58.37, validation
468, 64.04, training
468, 59.73, validation
469, 63.65, training
469, 57.01, validation
470, 65.77, training
470, 57.47, validation
471, 64.81, training
471, 52.49, validation
472, 65.58, training
472, 58.82, validation
473, 65.38, training
473, 53.85, validation
474, 64.04, training
474, 61.54, validation
475, 66.35, training
475, 57.92, validation
476, 65.00, training
476, 57.47, validation
477, 65.19, training
477, 60.63, validation
478, 64.62, training
478, 58.82, validation
479, 65.19, training
479, 59.73, validation
480, 65.38, training
480, 57.47, validation
481, 67.69, training
481, 54.30, validation
482, 67.69, training
482, 57.92, validation
483, 67.88, training
483, 49.77, validation
484, 66.73, training
484, 54.75, validation
485, 67.31, training
485, 60.18, validation
486, 63.27, training
486, 56.11, validation
487, 65.77, training
487, 57.47, validation
488, 65.38, training
488, 61.09, validation
489, 64.42, training
489, 60.18, validation
490, 66.35, training
490, 54.30, validation
491, 65.77, training
491, 52.49, validation
492, 67.50, training
492, 58.82, validation
493, 65.19, training
493, 61.09, validation
494, 67.12, training
494, 61.54, validation
495, 66.35, training
495, 53.39, validation
496, 64.23, training
496, 62.44, validation
497, 67.31, training
497, 58.82, validation
498, 66.15, training
498, 56.11, validation
499, 66.73, training
499, 61.54, validation
500, 65.58, training
500, 59.73, validation
501, 67.31, training
501, 55.66, validation
502, 66.92, training
502, 56.56, validation
503, 65.58, training
503, 61.99, validation
504, 67.12, training
504, 53.39, validation
505, 66.35, training
505, 62.44, validation
506, 67.50, training
506, 61.54, validation
507, 67.31, training
507, 57.47, validation
508, 65.58, training
508, 58.82, validation
509, 66.73, training
509, 58.37, validation
510, 67.31, training
510, 57.01, validation
511, 66.54, training
511, 59.28, validation
512, 67.12, training
512, 54.30, validation
513, 65.58, training
513, 65.16, validation
514, 68.85, training
514, 57.47, validation
515, 69.04, training
515, 55.20, validation
516, 67.88, training
516, 58.82, validation
517, 67.69, training
517, 53.85, validation
518, 65.00, training
518, 56.11, validation
519, 68.46, training
519, 60.63, validation
520, 66.92, training
520, 58.82, validation
521, 66.15, training
521, 57.47, validation
522, 67.69, training
522, 59.28, validation
523, 66.35, training
523, 59.73, validation
524, 68.46, training
524, 57.47, validation
525, 67.88, training
525, 57.47, validation
526, 66.92, training
526, 61.54, validation
527, 66.92, training
527, 57.92, validation
528, 69.42, training
528, 57.92, validation
529, 66.35, training
529, 61.99, validation
530, 68.85, training
530, 60.18, validation
531, 67.31, training
531, 60.18, validation
532, 69.62, training
532, 56.11, validation
533, 67.31, training
533, 58.82, validation
534, 68.46, training
534, 61.99, validation
535, 68.65, training
535, 60.63, validation
536, 69.62, training
536, 60.63, validation
537, 66.35, training
537, 59.73, validation
538, 67.69, training
538, 61.54, validation
539, 69.04, training
539, 63.35, validation
540, 70.96, training
540, 62.44, validation
541, 70.38, training
541, 57.47, validation
542, 68.27, training
542, 58.37, validation
543, 68.65, training
543, 57.92, validation
544, 67.69, training
544, 60.18, validation
545, 68.65, training
545, 58.37, validation
546, 68.27, training
546, 56.11, validation
547, 69.81, training
547, 59.28, validation
548, 66.92, training
548, 55.66, validation
549, 69.81, training
549, 58.82, validation
550, 66.92, training
550, 58.37, validation
551, 69.04, training
551, 61.54, validation
552, 70.00, training
552, 53.39, validation
553, 68.46, training
553, 61.09, validation
554, 67.88, training
554, 60.63, validation
555, 70.19, training
555, 63.35, validation
556, 69.81, training
556, 63.35, validation
557, 70.19, training
557, 60.18, validation
558, 70.00, training
558, 56.56, validation
559, 69.81, training
559, 61.09, validation
560, 69.04, training
560, 58.82, validation
561, 71.15, training
561, 61.99, validation
562, 69.62, training
562, 60.18, validation
563, 66.35, training
563, 61.54, validation
564, 68.46, training
564, 60.18, validation
565, 70.19, training
565, 56.11, validation
566, 71.92, training
566, 62.44, validation
567, 70.38, training
567, 55.66, validation
568, 69.04, training
568, 58.82, validation
569, 69.62, training
569, 59.28, validation
570, 68.85, training
570, 61.54, validation
571, 70.00, training
571, 57.01, validation
572, 68.46, training
572, 58.82, validation
573, 69.62, training
573, 59.73, validation
574, 70.58, training
574, 61.09, validation
575, 68.65, training
575, 60.63, validation
576, 67.12, training
576, 62.90, validation
577, 70.19, training
577, 64.25, validation
578, 69.81, training
578, 61.09, validation
579, 70.00, training
579, 57.92, validation
580, 69.23, training
580, 58.37, validation
581, 71.15, training
581, 60.18, validation
582, 70.19, training
582, 58.37, validation
583, 69.23, training
583, 61.54, validation
584, 69.81, training
584, 59.28, validation
585, 70.96, training
585, 61.54, validation
586, 69.62, training
586, 60.18, validation
587, 70.58, training
587, 60.63, validation
588, 67.69, training
588, 59.28, validation
589, 70.00, training
589, 61.09, validation
590, 71.15, training
590, 64.25, validation
591, 69.42, training
591, 58.37, validation
592, 71.15, training
592, 58.82, validation
593, 71.73, training
593, 62.44, validation
594, 68.85, training
594, 62.90, validation
595, 69.62, training
595, 59.28, validation
596, 71.73, training
596, 60.18, validation
597, 71.15, training
597, 56.56, validation
598, 70.96, training
598, 58.37, validation
599, 70.77, training
599, 61.99, validation
600, 72.69, training
600, 62.44, validation
601, 71.15, training
601, 57.01, validation
602, 71.35, training
602, 59.28, validation
603, 71.15, training
603, 60.63, validation
604, 74.04, training
604, 57.92, validation
605, 71.92, training
605, 60.18, validation
606, 71.15, training
606, 60.18, validation
607, 71.73, training
607, 63.80, validation
608, 70.38, training
608, 63.35, validation
609, 70.77, training
609, 61.09, validation
610, 71.92, training
610, 62.44, validation
611, 69.62, training
611, 59.28, validation
612, 70.96, training
612, 58.82, validation
613, 70.77, training
613, 60.63, validation
614, 70.00, training
614, 59.73, validation
615, 71.92, training
615, 62.90, validation
616, 71.54, training
616, 51.58, validation
617, 70.77, training
617, 60.63, validation
618, 71.54, training
618, 61.54, validation
619, 71.35, training
619, 58.82, validation
620, 72.31, training
620, 64.71, validation
621, 71.54, training
621, 58.37, validation
622, 71.92, training
622, 64.25, validation
623, 72.69, training
623, 61.54, validation
624, 70.58, training
624, 63.80, validation
625, 71.35, training
625, 60.18, validation
626, 70.38, training
626, 65.16, validation
627, 68.65, training
627, 62.90, validation
628, 74.42, training
628, 63.80, validation
629, 72.69, training
629, 61.54, validation
630, 72.69, training
630, 63.35, validation
631, 72.12, training
631, 62.90, validation
632, 72.50, training
632, 62.90, validation
633, 71.73, training
633, 64.25, validation
634, 73.27, training
634, 62.44, validation
635, 70.38, training
635, 63.80, validation
636, 73.08, training
636, 61.54, validation
637, 71.73, training
637, 61.54, validation
638, 72.50, training
638, 61.09, validation
639, 73.65, training
639, 63.35, validation
640, 71.35, training
640, 57.47, validation
641, 73.27, training
641, 63.35, validation
642, 74.62, training
642, 62.44, validation
643, 72.31, training
643, 64.71, validation
644, 72.50, training
644, 59.73, validation
645, 72.88, training
645, 58.37, validation
646, 72.69, training
646, 64.71, validation
647, 72.88, training
647, 56.11, validation
648, 71.73, training
648, 61.99, validation
649, 71.73, training
649, 59.73, validation
650, 72.12, training
650, 61.54, validation
651, 71.35, training
651, 60.63, validation
652, 71.54, training
652, 61.54, validation
653, 72.31, training
653, 61.54, validation
654, 73.65, training
654, 58.37, validation
655, 71.92, training
655, 60.63, validation
656, 71.54, training
656, 57.92, validation
657, 71.92, training
657, 61.54, validation
658, 72.50, training
658, 63.35, validation
659, 72.12, training
659, 61.54, validation
660, 72.31, training
660, 61.99, validation
661, 73.65, training
661, 63.35, validation
662, 71.35, training
662, 66.52, validation
663, 71.54, training
663, 62.90, validation
664, 72.50, training
664, 66.97, validation
665, 72.50, training
665, 61.09, validation
666, 72.88, training
666, 62.90, validation
667, 73.27, training
667, 63.80, validation
668, 72.88, training
668, 61.54, validation
669, 72.88, training
669, 65.16, validation
670, 73.85, training
670, 66.97, validation
671, 74.81, training
671, 62.90, validation
672, 71.35, training
672, 61.54, validation
673, 73.27, training
673, 64.71, validation
674, 73.65, training
674, 65.16, validation
675, 75.58, training
675, 65.61, validation
676, 73.46, training
676, 61.09, validation
677, 73.85, training
677, 63.35, validation
678, 72.12, training
678, 63.35, validation
679, 74.23, training
679, 63.35, validation
680, 73.27, training
680, 66.06, validation
681, 74.04, training
681, 64.25, validation
682, 73.85, training
682, 62.90, validation
683, 73.65, training
683, 64.71, validation
684, 74.04, training
684, 62.44, validation
685, 74.23, training
685, 64.25, validation
686, 75.38, training
686, 61.09, validation
687, 72.31, training
687, 64.71, validation
688, 73.08, training
688, 61.09, validation
689, 72.12, training
689, 62.90, validation
690, 71.54, training
690, 61.54, validation
691, 74.42, training
691, 63.35, validation
692, 73.46, training
692, 60.63, validation
693, 73.46, training
693, 63.35, validation
694, 72.69, training
694, 61.54, validation
695, 72.31, training
695, 64.71, validation
696, 73.08, training
696, 59.28, validation
697, 72.12, training
697, 59.73, validation
698, 74.62, training
698, 62.90, validation
699, 73.46, training
699, 62.44, validation
700, 75.38, training
700, 64.25, validation
701, 74.04, training
701, 63.35, validation
702, 72.88, training
702, 64.25, validation
703, 72.31, training
703, 63.80, validation
704, 73.85, training
704, 66.06, validation
705, 73.27, training
705, 58.82, validation
706, 74.42, training
706, 62.90, validation
707, 73.46, training
707, 61.54, validation
708, 73.08, training
708, 62.44, validation
709, 73.46, training
709, 65.61, validation
710, 75.77, training
710, 64.71, validation
711, 75.00, training
711, 62.44, validation
712, 75.00, training
712, 68.33, validation
713, 73.08, training
713, 58.37, validation
714, 74.04, training
714, 59.28, validation
715, 72.69, training
715, 63.35, validation
716, 76.15, training
716, 66.52, validation
717, 72.88, training
717, 63.80, validation
718, 74.04, training
718, 65.16, validation
719, 74.42, training
719, 61.54, validation
720, 75.58, training
720, 62.90, validation
721, 75.96, training
721, 62.90, validation
722, 75.00, training
722, 62.90, validation
723, 75.58, training
723, 66.06, validation
724, 73.65, training
724, 66.06, validation
725, 73.65, training
725, 66.52, validation
726, 73.85, training
726, 61.09, validation
727, 73.85, training
727, 65.61, validation
728, 73.85, training
728, 65.16, validation
729, 75.00, training
729, 62.90, validation
730, 76.54, training
730, 65.61, validation
731, 75.58, training
731, 61.09, validation
732, 75.38, training
732, 64.25, validation
733, 75.38, training
733, 67.42, validation
734, 74.23, training
734, 64.25, validation
735, 75.38, training
735, 58.37, validation
736, 74.62, training
736, 63.35, validation
737, 71.92, training
737, 64.71, validation
738, 74.04, training
738, 65.16, validation
739, 77.31, training
739, 66.06, validation
740, 74.62, training
740, 64.71, validation
741, 74.04, training
741, 65.61, validation
742, 74.62, training
742, 64.71, validation
743, 74.62, training
743, 66.97, validation
744, 76.35, training
744, 61.09, validation
745, 76.15, training
745, 61.99, validation
746, 75.58, training
746, 61.99, validation
747, 74.42, training
747, 62.90, validation
748, 75.38, training
748, 64.25, validation
749, 75.77, training
749, 65.16, validation
750, 75.38, training
750, 65.61, validation
751, 75.19, training
751, 60.63, validation
752, 76.35, training
752, 64.71, validation
753, 74.81, training
753, 66.52, validation
754, 75.96, training
754, 67.87, validation
755, 76.54, training
755, 65.61, validation
756, 75.00, training
756, 63.80, validation
757, 76.92, training
757, 63.35, validation
758, 75.96, training
758, 63.80, validation
759, 76.54, training
759, 65.16, validation
760, 73.85, training
760, 62.44, validation
761, 76.15, training
761, 65.61, validation
762, 76.15, training
762, 63.80, validation
763, 75.38, training
763, 66.52, validation
764, 76.35, training
764, 64.25, validation
765, 75.58, training
765, 66.52, validation
766, 76.15, training
766, 66.06, validation
767, 73.27, training
767, 65.61, validation
768, 76.15, training
768, 64.25, validation
769, 76.92, training
769, 61.54, validation
770, 75.96, training
770, 64.25, validation
771, 75.38, training
771, 67.42, validation
772, 76.15, training
772, 67.42, validation
773, 75.58, training
773, 60.18, validation
774, 74.81, training
774, 65.16, validation
775, 76.35, training
775, 61.99, validation
776, 76.15, training
776, 64.25, validation
777, 76.54, training
777, 65.16, validation
778, 72.69, training
778, 65.16, validation
779, 76.73, training
779, 63.35, validation
780, 74.42, training
780, 66.97, validation
781, 76.15, training
781, 65.61, validation
782, 75.19, training
782, 66.97, validation
783, 75.58, training
783, 64.71, validation
784, 75.38, training
784, 63.80, validation
785, 77.12, training
785, 62.44, validation
786, 76.73, training
786, 62.44, validation
787, 77.50, training
787, 63.35, validation
788, 75.58, training
788, 61.99, validation
789, 76.15, training
789, 63.35, validation
790, 77.88, training
790, 65.61, validation
791, 76.35, training
791, 69.23, validation
792, 77.88, training
792, 68.33, validation
793, 76.35, training
793, 69.68, validation
794, 76.92, training
794, 62.44, validation
795, 75.96, training
795, 65.61, validation
796, 76.92, training
796, 65.16, validation
797, 76.35, training
797, 66.06, validation
798, 75.77, training
798, 66.52, validation
799, 76.15, training
799, 66.52, validation
800, 75.77, training
800, 61.99, validation
801, 74.42, training
801, 66.06, validation
802, 75.00, training
802, 64.71, validation
803, 77.31, training
803, 66.97, validation
804, 77.31, training
804, 66.97, validation
805, 76.73, training
805, 66.52, validation
806, 76.35, training
806, 64.71, validation
807, 76.92, training
807, 63.35, validation
808, 76.15, training
808, 62.90, validation
809, 77.69, training
809, 66.06, validation
810, 76.92, training
810, 66.52, validation
811, 77.12, training
811, 62.90, validation
812, 75.77, training
812, 63.35, validation
813, 77.88, training
813, 66.52, validation
814, 77.50, training
814, 60.18, validation
815, 75.96, training
815, 66.52, validation
816, 76.73, training
816, 65.61, validation
817, 77.12, training
817, 66.52, validation
818, 79.04, training
818, 65.61, validation
819, 75.00, training
819, 66.06, validation
820, 77.69, training
820, 63.35, validation
821, 76.35, training
821, 66.52, validation
822, 76.73, training
822, 66.06, validation
823, 78.46, training
823, 62.90, validation
824, 75.77, training
824, 66.52, validation
825, 77.12, training
825, 69.23, validation
826, 76.15, training
826, 66.06, validation
827, 78.46, training
827, 64.71, validation
828, 77.12, training
828, 65.61, validation
829, 78.27, training
829, 64.71, validation
830, 77.69, training
830, 65.61, validation
831, 75.77, training
831, 66.97, validation
832, 75.96, training
832, 65.61, validation
833, 76.92, training
833, 66.52, validation
834, 76.15, training
834, 63.80, validation
835, 75.00, training
835, 68.78, validation
836, 77.50, training
836, 61.54, validation
837, 76.92, training
837, 66.06, validation
838, 79.04, training
838, 66.06, validation
839, 76.35, training
839, 65.16, validation
840, 76.73, training
840, 61.99, validation
841, 76.54, training
841, 66.06, validation
842, 77.50, training
842, 68.78, validation
843, 77.88, training
843, 66.97, validation
844, 77.12, training
844, 66.97, validation
845, 79.23, training
845, 66.52, validation
846, 77.50, training
846, 67.42, validation
847, 78.08, training
847, 62.90, validation
848, 77.31, training
848, 62.90, validation
849, 77.50, training
849, 64.71, validation
850, 75.38, training
850, 64.25, validation
851, 78.08, training
851, 67.42, validation
852, 76.73, training
852, 63.80, validation
853, 78.46, training
853, 64.25, validation
854, 76.73, training
854, 66.97, validation
855, 76.15, training
855, 67.42, validation
856, 78.08, training
856, 64.71, validation
857, 77.12, training
857, 65.61, validation
858, 77.88, training
858, 65.16, validation
859, 76.92, training
859, 64.25, validation
860, 78.46, training
860, 65.61, validation
861, 78.08, training
861, 67.87, validation
862, 78.85, training
862, 64.71, validation
863, 78.08, training
863, 68.33, validation
864, 77.50, training
864, 67.42, validation
865, 77.31, training
865, 64.71, validation
866, 78.46, training
866, 67.87, validation
867, 77.50, training
867, 63.80, validation
868, 77.50, training
868, 67.42, validation
869, 78.08, training
869, 65.16, validation
870, 77.12, training
870, 65.16, validation
871, 77.69, training
871, 64.25, validation
872, 76.54, training
872, 66.97, validation
873, 78.27, training
873, 64.25, validation
874, 76.15, training
874, 66.06, validation
875, 77.50, training
875, 66.97, validation
876, 76.73, training
876, 67.42, validation
877, 78.46, training
877, 62.44, validation
878, 76.92, training
878, 67.87, validation
879, 76.73, training
879, 67.42, validation
880, 78.08, training
880, 66.06, validation
881, 79.23, training
881, 62.44, validation
882, 77.50, training
882, 66.06, validation
883, 79.23, training
883, 63.80, validation
884, 76.73, training
884, 65.16, validation
885, 77.12, training
885, 61.54, validation
886, 76.73, training
886, 68.78, validation
887, 78.08, training
887, 65.16, validation
888, 77.69, training
888, 62.90, validation
889, 77.88, training
889, 67.87, validation
890, 79.23, training
890, 68.33, validation
891, 78.08, training
891, 68.33, validation
892, 75.96, training
892, 65.61, validation
893, 78.65, training
893, 63.35, validation
894, 78.46, training
894, 66.52, validation
895, 77.50, training
895, 68.78, validation
896, 74.62, training
896, 66.52, validation
897, 77.69, training
897, 66.06, validation
898, 78.08, training
898, 67.87, validation
899, 77.12, training
899, 67.87, validation
900, 79.42, training
900, 64.71, validation
901, 78.85, training
901, 64.71, validation
902, 78.85, training
902, 64.25, validation
903, 77.31, training
903, 64.25, validation
904, 79.23, training
904, 67.42, validation
905, 77.88, training
905, 66.97, validation
906, 79.23, training
906, 65.61, validation
907, 78.85, training
907, 66.52, validation
908, 78.65, training
908, 62.90, validation
909, 77.88, training
909, 61.54, validation
910, 78.08, training
910, 68.33, validation
911, 79.23, training
911, 67.42, validation
912, 78.85, training
912, 66.97, validation
913, 77.69, training
913, 67.87, validation
914, 78.08, training
914, 62.90, validation
915, 78.46, training
915, 67.87, validation
916, 78.65, training
916, 66.06, validation
917, 79.04, training
917, 64.25, validation
918, 76.92, training
918, 65.61, validation
919, 78.46, training
919, 69.68, validation
920, 79.62, training
920, 67.42, validation
921, 79.62, training
921, 68.33, validation
922, 78.08, training
922, 66.52, validation
923, 78.46, training
923, 67.87, validation
924, 78.46, training
924, 66.97, validation
925, 78.85, training
925, 65.16, validation
926, 77.50, training
926, 66.06, validation
927, 78.46, training
927, 63.35, validation
928, 79.04, training
928, 65.16, validation
929, 79.42, training
929, 66.97, validation
930, 78.65, training
930, 64.71, validation
931, 78.08, training
931, 66.06, validation
932, 78.65, training
932, 67.42, validation
933, 77.88, training
933, 67.42, validation
934, 79.04, training
934, 68.33, validation
935, 81.35, training
935, 63.35, validation
936, 79.81, training
936, 68.78, validation
937, 78.65, training
937, 64.71, validation
938, 78.27, training
938, 68.33, validation
939, 79.62, training
939, 67.42, validation
940, 80.00, training
940, 67.87, validation
941, 77.31, training
941, 66.97, validation
942, 77.69, training
942, 66.52, validation
943, 78.65, training
943, 65.16, validation
944, 77.88, training
944, 65.61, validation
945, 79.23, training
945, 65.16, validation
946, 79.04, training
946, 68.33, validation
947, 79.23, training
947, 64.71, validation
948, 80.38, training
948, 69.23, validation
949, 78.27, training
949, 66.06, validation
950, 78.46, training
950, 67.42, validation
951, 80.00, training
951, 67.42, validation
952, 77.12, training
952, 68.33, validation
953, 79.23, training
953, 64.25, validation
954, 79.23, training
954, 68.33, validation
955, 78.46, training
955, 66.52, validation
956, 79.62, training
956, 66.52, validation
957, 79.62, training
957, 65.61, validation
958, 79.62, training
958, 66.06, validation
959, 79.23, training
959, 68.33, validation
960, 81.15, training
960, 65.16, validation
961, 79.04, training
961, 66.52, validation
962, 78.65, training
962, 68.33, validation
963, 79.04, training
963, 64.71, validation
964, 78.65, training
964, 63.80, validation
965, 80.00, training
965, 65.16, validation
966, 78.46, training
966, 68.33, validation
967, 80.19, training
967, 63.80, validation
968, 78.08, training
968, 65.16, validation
969, 79.42, training
969, 66.97, validation
970, 79.42, training
970, 63.35, validation
971, 79.81, training
971, 68.78, validation
972, 78.85, training
972, 68.33, validation
973, 78.65, training
973, 66.97, validation
974, 79.04, training
974, 67.42, validation
975, 79.62, training
975, 67.87, validation
976, 78.85, training
976, 65.61, validation
977, 79.42, training
977, 66.97, validation
978, 77.88, training
978, 66.52, validation
979, 79.04, training
979, 66.97, validation
980, 77.88, training
980, 67.87, validation
981, 79.62, training
981, 68.33, validation
982, 79.81, training
982, 69.23, validation
983, 80.38, training
983, 68.78, validation
984, 79.81, training
984, 66.97, validation
985, 79.62, training
985, 69.68, validation
986, 78.65, training
986, 67.87, validation
987, 79.04, training
987, 67.42, validation
988, 79.04, training
988, 67.87, validation
989, 78.65, training
989, 65.61, validation
990, 80.19, training
990, 66.97, validation
991, 79.62, training
991, 68.78, validation
992, 78.85, training
992, 66.52, validation
993, 78.85, training
993, 66.06, validation
994, 79.62, training
994, 67.87, validation
